111.1, سجل الجلسات بمحاكم الاستئناف
111.2,-   سجل  مراقبة  توجيه  القضايا  المطلوب فيها النقض
111.3,-   سجل الأحكام المطلوب فيها النقض
111.4,-   سجل  طلبات  نسخ  الأحكام  والقرارات بمحاكم الاستئناف
111.5,سجل التعرض والنقض
112.1,كناش حسابات مواد بمحاكم الاستئناف
112.2,سجل الائتمانات بمحاكم الاستئناف
112.3,سجل المختلفة بمحاكم الاستئناف
112.4,كناش   الاستخلاصات   المنجزة   من طرف  أعوان  التنفيذ  خارج  المحكمة بمحاكم الاستئناف
112.5,سجل  الحسابات  الخصوصية  بمحاكم الاستئناف
112.6,السجل اليومي الجامع للمداخيل بمحاكم الاستئناف
112.7,السجل   اليومي   الجامع   للمصاريف بمحاكم الاستئناف
112.8,دفتر وضعية الصندوق اليومية بمحاكم الاستئناف
112.9,دفتر   تسجيل   العمليات   اليومية   في الحساب   الجاري   البريدي   بمحاكم الاستئناف
112.1,دفتر بيانات دفع الرسوم القضائية إلى مصلحة التسجيل بمحاكم الاستئناف
112.1,دفتر بيانات دفع حقوق المرافعة بمحاكم الاستئناف
112.1,دفتر    أوراق    المصاريف    بمحاكم الاستئناف
112.1,بيان  شخصي  لتصفية  صوائر  التنقل بمحاكم الاستئناف
112.1,سجل   استخلاص   مصاريف   التنقل بمحاكم الاستئناف
112.2,مقتطع   الغرامات   والعقوبات   المالية بمحاكم الاستئناف
112.2,سجل لتحصيل الرسوم القضائية بمحاكم الاستئناف
112.2,سجل تصفية صوائر المساعدة القضائية بمحاكم الاستئناف
112.2,دفتر  تسجيل  وإرسال  الأوامر  التنفيذية بمحاكم الاستئناف
112.2,سجل  المختصرات  بمحاكم  الاستئناف (الغرامات والعقوبات المالية)
112.2,سجل الأوامر بالدفع بمحاكم الاستئناف
112.2,سجل    بيانات    التحملات    بمحاكم الاستئناف
112.2,الغرامات   والعقوبات   المالية   سجل الإلغاء بمحاكم الاستئناف
112.2,سجل  طلبات  الإكراه  البدني  بمحاكم الاستئناف (التنفيذ الزجري)
112.2,"سجل الانابات بمحاكم الاستئناف (التنفيذ
الزجري)"
112.3,سجل  بيانات  التصفية  خاص  بالرسوم القضائية التكميلية بمحاكم الاستئناف
112.3,سجل الكفالات المالية بمحاكم الاستئناف
112.3,سجل طلبات المساعدة القضائية بمحاكم الاستئناف
112.3,سجل   قرارات   المساعدة   القضائية المستأنفة بمحاكم الاستئناف
112.3,سجل  مراقبة  قوائم  أجور  الخبراء  في الميدان الجنائي بمحاكم الاستئناف
112.3,التسييرات القضائية بمحاكم الاستئناف
113.1,سجل القضايا المدنية (القضايا المدنية- قضايا   العقار   المحفظ   –   القضايا الاجتماعية)
113.2,سجل القضايا المدنية (قضايا العقار غير المحفظ)
113.3,سجل تقييد القضايا المدنية (قضايا الأحوال الشخصية والميراث)
113.4,سجل قضايا حوادث الشغل والأمراض المهنية
113.5,سجل تقييد القضايا المدنية (قضاء الجماعات والمقاطعات)
113.6,سجل القضايا الرائجة بمكتب (المستشار المقرر السيد ...)
113.7,سجل  الأحكام  التمهيدية  وإيداع  تقارير الخبراء
113.8,سجل    النيابات    الشرعية    بمحاكم الاستئناف
113.9,كناش التصرف بمحاكم الاستئناف
113.1,كنانيش الجيب ومذكرات الحفظ بمحاكم الاستئناف
113.1,سجل  الأوامر  القضائية  المبنية  على طلب بمحاكم الاستئناف
113.1,سجل الأوامر القضائية بالمصادقة على محاضر الصلح
113.1,سجل طلبات شهادة الجنسية
113.1,سجل طلبات اكتساب الجنسية المغربية
113.2,سجل طلبات اكتساب صفة خبير مقبول
113.2,سجل التبليغات بمحاكم الاستئناف
113.2,السجل العام لتقييد ملفات التنفيذ بمحاكم الاستئناف
113.2,سجل   إجراءات   الحجز   لدى   الغير بمحاكم الاستئناف
113.2,سجل إجراءات التنفيذ بمحاكم الاستئناف (يمسك من طرف مأمور الإجراءات)
113.2,سجل   محاضر   البيوعات   القضائية للمنقولات
113.2,سجل محاضر الاحتجاج بعدم الوفاء
113.2,سجل  تبليغ  الوثائق  بمحاكم  الاستئناف (يمسك من طرف عون التبليغ)
113.2,سجل الإنابات القضائية المدنية
113.2,سجل   تقييد   الإفلاسات   والتصفيات القضائية
113.3,سجل    التركات    الشاغرة    بمحاكم الاستئناف
113.3,سجل إيداع القرارات التحكيمية بمحاكم الاستئناف
113.3,سجل  إيداع  عقود  الشركات  بمحاكم الاستئناف
113.3,سجل تأسيس الجمعيات
113.3,"سجل التعاونيات (سجل ترتيبي – سجل
تحليلي)"
113.3,سجل وضع توقيعات الموثقين بمحاكم الاستئناف
113.3,سجل وضع توقيعات المحامين بمحاكم الاستئناف
113.3,-   سجل  تدخل  النيابة  العامة  في  القضايا المدنية
113.3,-   سجل  الأملاك  بكتابة  الضبط  بمحاكم الاستئناف
113.3,-   سجل محاضر الخسائر والعواريات
114.1,-   سجل  تقييد  القضايا  الجنائية  (قضاء الجماعات والمقاطعات)
114.2,-   سجل قضايا الأحداث
114.3,-   سجل قضايا الجنايات
114.4,-   سجل القضايا الجنحية
114.5,-   السجل العام للغرفة الجنحية
114.6,-   سجل مراقبة الغرفة الجنحية
114.7,-   سجل مراقبة القضايا الجنحية
114.8,-   سجل قضايا العنف ضد النساء
114.9,-   سجل قضايا العنف ضد الأطفال
114.1,-   سجل التقاط المكالمات والاتصالات
114.1,-   سجل الأحداث في وضعية صعبة
114.1,سجل الأحداث ضحايا الجنايات والجنح
114.1,سجل   الشكايات   والمحاضر   الخاصة بالعنف ضد النساء
114.1,سجل   الشكايات   والمحاضر   الخاصة بالعنف ضد الأطفال
114.2,كناش أمر بالإفراج بمحاكم الاستئناف
114.2,سجل حماية الحيازة
114.2,سجل   سحب   جواز   السفر   وإغلاق الحدود
114.2,سجل شكايات المعتقلين
114.2,سجل الانتدابات القضائية الجنائية
,
114.2,سجل   الشكايات   والمحاضر   بمحاكم الاستئناف
114.2,سجل مراقبة قضايا الجنايات
114.2,سجل الاعتقال الاحتياطي
114.2,سجل إحصائي لقضايا المخدرات
114.2,سجل تنفيذ العقوبات البدنية
114.3,سجل الاكراه البدني في الديون العمومية (الغرامات والضرائب الغير المباشرة)
114.3,سجل   الاكراه   البدني   في   الديون الخصوصية
114.3,سجل    محاضر    الزيارات    الدورية للمعتقلين
114.3,سجل طلبات العفو والإفراج المقيد ورد الاعتبار
114.3,سجل المحجوزات بمحاكم الاستئناف
114.3,السجل   العام   لتقييد   ملفات   التنفيذ الزجري
114.3,كناش  خاص  بزيارة  المحامي  بمحاكم الاستئناف
114.3,سجل مراقبة شكايات إهمال الأسرة
114.3,سجل   سحب   شهادة   الكفاءة   لقيادة السيارات
114.3,سجل طلبات تسخير القوة العمومية
115.1,"سجل     قضايا     التحقيق     (محكمة
الاستئناف)"
115.2,"سجل  مراقبة  قضايا  التحقيق  (محكمة
الاستئناف)"
115.3,"سجل قضايا التحقيق للأحداث (محكمة
الاستئناف)"
115.4,سجل  مراقبة  قضايا  التحقيق  للأحداث (محكمة الاستئناف)
115.5,"سجل  قضايا  التحقيق  للرشداء  (غرفة
التحقيق) (محكمة الاستئناف)"
115.6,"سجل  قضايا  التحقيق  للرشداء  (النيابة
العامة) (محكمة الاستئناف)"
116.1,سجل  الواردات  والصادرات  بمحاكم الاستئناف
116.2,سجل إحصاء ومراقبة السجلات بمحاكم الاستئناف
116.3,سجل الاجتماعات بمحاكم الاستئناف
116.4,سجل  الجمعية  العامة  للمحكمة  بمحاكم الاستئناف
116.5,سجل  محاضر  تأدية  اليمين  بمحاكم الاستئناف
116.6,كناش   تداول   الملفات   والوثائق   بين مختلف المصالح بمحاكم الاستئناف
116.7,كناش    العطل    والرخص    بمحاكم الاستئناف
116.8,السجلات المحدثة بمحاكم الاستئناف
121.1,-   ملف    المساعدة    القضائية    بمحاكم الاستئناف
121.2,-   ملف التنفيذ الزجري
122.1,-   ملف قضية مدنية
122.2,-   ملف التحفيظ بمحاكم الاستئناف
122.3,-   ملف الأمر بالأداء بمحاكم الاستئناف
122.4,-   ملف النيابة القانونية بمحاكم الاستئناف
122.5,"-   ملف  الأمر  بتحديد  الواجبات  المترتبة
عن الطلاق"
122.6,-   ملف (إعذار – إنذار – معاينة ...)
122.7,-   ملف حجز لدى الغير بمحاكم الاستئناف
122.8,-   ملف حجز عقاري بمحاكم الاستئناف
122.9,-   ملف الإفلاسات والتصفيات والتسييرات القضائية
122.1,-   ملف الأحوال الشخصية
122.1,-   ملف النفقة
122.1,-   ملف كفالة طفل مهمل
122.1,-   ملف كفالة طفل غير مهمل
122.1,-   ملف النيابة الشرعية بمحاكم الاستئناف
123.1,-   ملف الأحداث
123.2,-   ملف الجنح
123.3,-   ملف التلبس
123.4,-   ملف استئناف جنحي
123.5,-   ملف الجنايات
123.6,-   نظير   ملف   النيابة   العامة   بمحاكم الاستئناف
123.7,-   ملف ملتمس بالعفو
123.8,"-   ملف    جنائي    (قضاء    الجماعات
والمقاطعات)"
123.9,-   الشكايات    والمحاضر    في    المجال الجنائي
124.1,-   ملف التحقيق بمحاكم الاستئناف
130.1,-   أصول الأحكام بمحاكم الاستئناف
211.1,-   سجل الجلسات بالمحاكم الابتدائية
211.2,-   سجل  مراقبة  توجيه  القضايا  المطلوب فيها الاستئناف
211.3,-   سجل الأحكام المطلوب فيها الاستئناف
211.4,-   سجل  طلبات  نسخ  الأحكام  والقرارات بالمحاكم الابتدائية
212.1,-   كناش حسابات مواد بالمحاكم الابتدائية
212.2,-   سجل الائتمانات بالمحاكم الابتدائية
212.3,-   سجل المختلفة بالمحاكم الابتدائية
212.4,"-   كناش   الاستخلاصات   المنجزة   من طرف  أعوان  التنفيذ  خارج  المحكمة
بالمحاكم الابتدائية"
212.5,-   سجل  الحسابات  الخصوصية  بالمحاكم الابتدائية
212.6,-   السجل    اليومي    الجامع    للمداخيل بالمحاكم الابتدائية
212.7,-   السجل   اليومي   الجامع   للمصاريف بالمحاكم الابتدائية
212.8,-   دفتر وضعية الصندوق اليومية بالمحاكم الابتدائية
212.9,"-   دفتر   تسجيل   العمليات   اليومية   في
الحساب   الجاري   البريدي   بالمحاكم الابتدائية"
212.1,-   دفتر بيانات دفع الرسوم القضائية إلى مصلحة التسجيل بالمحاكم الابتدائية
212.1,-   دفتر   بيانات   دفع   حقوق   المرافعة بالمحاكم الابتدائية
212.1,-   دفتر   أوراق   المصاريف   بالمحاكم الابتدائية
212.1,بيان  شخصي  لتصفية  صوائر  التنقل بالمحاكم الابتدائية
212.1,سجل   استخلاص   مصاريف   التنقل بالمحاكم الابتدائية
212.2,مقتطع   الغرامات   والعقوبات   المالية بالمحاكم الابتدائية
212.2,سجل    لتحصيل    الرسوم    القضائية بالمحاكم الابتدائية
212.2,سجل تصفية صوائر المساعدة القضائية بالمحاكم الابتدائية
212.2,دفتر  تسجيل  وإرسال  الأوامر  التنفيذية بالمحاكم الابتدائية
212.2,سجل  المختصرات  بالمحاكم  الابتدائية (الغرامات والعقوبات المالية)
212.2,سجل الأوامر بالدفع بالمحاكم الابتدائية
212.2,سجل    بيانات    التحملات    بالمحاكم الابتدائية
,
212.2,الغرامات   والعقوبات   المالية   سجل الإلغاء بالمحاكم الابتدائية
212.2,سجل  طلبات  الإكراه  البدني  بالمحاكم الابتدائية (التنفيذ الزجري)
212.2,سجل   الانابات   بالمحاكم   الابتدائية (التنفيذ الزجري)
212.3,سجل  بيانات  التصفية  خاص  بالرسوم القضائية التكميلية بالمحاكم الابتدائية
212.3,سجل الكفالات المالية بالمحاكم الابتدائية
212.3,سجل    طلبات    المساعدة    القضائية بالمحاكم الابتدائية
212.3,سجل   قرارات   المساعدة   القضائية المستأنفة بالمحاكم الابتدائية
212.3,سجل  مراقبة  قوائم  أجور  الخبراء  في الميدان الجنائي بالمحاكم الابتدائية
212.3,-   التسييرات القضائية بالمحاكم الابتدائية
213.1,"-   سجل القضايا المدنية (كتابة الضبط – المحاكم  الابتدائية)  (القضايا  المدنية- قضايا   العقار   المحفظ   –   القضايا
الاجتماعية)"
213.2,"-   سجل القضايا المدنية (كتابة الضبط –
المحاكم  الابتدائية) (قضايا العقار غير المحفظ)"
213.3,"-   سجل تقييد القضايا المدنية المستأنفة (القضايا المدنية – قضايا العقار
المحفظ-القضايا الاجتماعية)"
213.4,-   سجل تقييد القضايا المدنية المستأنفة (قضايا الأحوال الشخصية والميراث-  قضايا العقار غير المحفظ)
213.5,-   سجل قضايا حوادث الشغل والأمراض المهنية
213.6,-   سجل تقييد القضايا المدنية (قضاء القرب)
213.7,"-   سجل  تقييد  قضايا  المخالفات  (قضاء
القرب)"
213.8,-   سجل   تقييد   القضايا   المدنية   (قضاء الجماعات والمقاطعات)
213.9,"-   سجل القضايا الرائجة بمكتب (القاضي المقرر السيد ... المستشار المقرر السيد
...)"
213.1,-   سجل  الأحكام  التمهيدية  وإيداع  تقارير الخبراء
213.1,-   سجل خاص بالإشعار بالطلاق
213.1,-   سجل    النيابات    الشرعية    بالمحاكم الابتدائية
213.1,-   سجل مراقبة تصرفات المحاجير
213.1,-   كناش التصرف بالمحاكم الابتدائية
213.2,-   سجلات تضمين الشهادات العدلية (سجل الأملاك العقارية لتضمين الوثائق المتعلقة بالحقوق العينية العقارية – سجل التركات   والوصايا   –   سجل   خاص بتضمين نصوص عقود الزواج – سجل رسوم  الطلاق  –  سجل  باقي  الوثائق/ المختلفة)
213.2,-   كنانيش   الجيب   ومذكرات   الحفظ بالمحاكم الابتدائية
213.2,-   سجل مراقبة الرسوم المخاطب عليها من طرف القاضي المكلف بالتوثيق
213.2,-   سجل الزواج
213.2,-   سجل الطلاق
213.2,"-   سجل قضايا الأسرة
(تطليق- ثبوت زوجية – تعدد – تحجير - حضانة –– بيع عقار قاصر – صلة الرحم -   أحوال شخصية -تصريح بالإهمال)
-   سجل قضايا الأسرة (نفقة)
-   سجل قضايا الأسرة (حالة مدنية)"
213.2,-   سجل  الأوامر  القضائية  المبنية  على طلب بالمحاكم الابتدائية
213.2,-   سجل الأوامر القضائية بالمصادقة على محاضر الصلح
213.2,-   سجل طلبات شهادة الجنسية
213.2,-   سجل طلبات اكتساب الجنسية المغربية
213.3,-   سجل   التبليغات   القضائية   بالمحاكم الابتدائية
213.3,-   السجل   العام   لتقييد   ملفات   التنفيذ بالمحاكم الابتدائية
213.3,-   سجل   إجراءات   الحجز   لدى   الغير بالمحاكم الابتدائية
213.3,"-   سجل    إجراءات    التنفيذ    بالمحاكم الابتدائية  (يمسك  من  طرف  مأمور
الإجراءات)"
213.3,-   سجل   محاضر   البيوعات   القضائية للمنقولات
213.3,-   سجل محاضر الاحتجاج بعدم الوفاء
213.3,-   سجل  تبليغ  الوثائق  بالمحاكم  الابتدائية (يمسك من طرف عون التبليغ)
213.3,-   سجل الإنابات القضائية المدنية
213.3,-   سجل   تقييد   الإفلاسات   والتصفيات القضائية
213.3,-   سجل    التركات    الشاغرة    بالمحاكم الابتدائية
213.4,-   سجل    إيداع    القرارات    التحكيمية بالمحاكم الابتدائية
213.4,"-   سجل  إيداع  وتسجيل  الوثائق  الخاصة بالعقارات غير المحفظة (بيع العقارات
في   طور   الإنجاز   الفصل   618.4 ق.ل.ع)"
213.4,-   سجل تسجيل الأوامر بالحجوز الخاصة بالعقارات غير المحفظة
213.4,-   سجل  إيداع  عقود  الشركات  بالمحاكم الابتدائية
213.4,-   سجل تأسيس الجمعيات
213.4,"-   سجل التعاونيات (سجل ترتيبي – سجل
تحليلي)"
213.4,-   السجل   الخاص   بالتصاريح   بالتبرع بالأعضاء والأنسجة البشرية
213.4,-   سجل وضع توقيعات الموثقين بالمحاكم الابتدائية
213.4,-   سجل وضع توقيعات المحامين بالمحاكم الابتدائية
213.4,-   سجل  تدخل  النيابة  العامة  في  القضايا المدنية
213.5,-   سجل  الأملاك  بكتابة  الضبط  بالمحاكم الابتدائية
213.5,-   سجل محاضر الخسائر والعواريات
214.1,-   سجل قضايا الأحداث
214.2,-   سجل قضايا الأحداث المستأنفة
214.3,-   سجل قضايا الجنايات
214.4,-   سجل القضايا الجنحية
214.5,-   سجل القضايا الجنحية المستأنفة
214.6,"-   سجل    القضايا    المستأنفة    (المكتب
الجنحي)"
214.7,-   السجل العام للغرفة الجنحية
214.8,-   سجل مراقبة الغرفة الجنحية
214.9,-   سجل مراقبة القضايا الجنحية
214.1,-   سجل مراقبة القضايا الجنحية المستأنفة
214.1,-   سجل قضايا العنف ضد النساء
214.1,-   سجل قضايا العنف ضد الأطفال
214.1,-   سجل التقاط المكالمات والاتصالات
214.1,-   سجل الأحداث في وضعية صعبة
214.2,-   سجل الأحداث ضحايا الجنايات والجنح
214.2,-   سجل   الشكايات   والمحاضر  الخاصة بالعنف ضد النساء
214.2,-   سجل   الشكايات   والمحاضر   الخاصة بالعنف ضد الأطفال
214.2,-   كناش أمر بالإفراج بالمحاكم الابتدائية
214.2,-   سجل حماية الحيازة
214.2,-   سجل   سحب   جواز   السفر   وإغلاق الحدود
214.2,-   سجل شكايات المعتقلين
214.2,#NAME?
214.2,-   سجل  الشكايات  والمحاضر  بالمحاكم الابتدائية
214.2,-   سجل الاعتقال الاحتياطي
214.3,-   سجل إحصائي لقضايا المخدرات
214.3,-   سجل تنفيذ العقوبات البدنية
214.3,-   سجل الاكراه البدني في الديون العمومية (الغرامات والضرائب الغير المباشرة)
214.3,-   سجل   الاكراه   البدني   في   الديون الخصوصية
214.3,-   سجل    محاضر    الزيارات    الدورية للمعتقلين
214.3,-   سجل طلبات العفو والإفراج المقيد ورد الاعتبار
214.3,-   سجل المحجوزات بالمحاكم الابتدائية
214.3,-   السجل   العام   لتقييد   ملفات   التنفيذ الزجري
214.3,-   سجل  البطاقة  رقم  (1)  الواردة  على مصلحة السجل العدلي
214.3,-   سجل طلبات البطاقتين رقم 2 و3
214.4,-   كناش خاص بزيارة المحامي بالمحاكم الابتدائية
214.4,-   سجل مراقبة شكايات إهمال الأسرة
214.4,-   سجل   سحب   شهادة   الكفاءة   لقيادة السيارات
214.4,-   سجل طلبات تسخير القوة العمومية
215.1,"-   سجل    قضايا    التحقيق    (المحكمة
الابتدائية)"
215.2,"-   سجل  مراقبة  قضايا  التحقيق  (المحكمة
الابتدائية)"
215.3,"-   سجل قضايا التحقيق للأحداث (المحكمة
الابتدائية)"
215.4,-   سجل  مراقبة  قضايا  التحقيق  للأحداث (المحكمة الابتدائية)
215.5,"-   سجل  قضايا  التحقيق  للرشداء  (غرفة
التحقيق) (محكمة ابتدائية)"
215.6,"-   سجل  قضايا  التحقيق  للرشداء  (النيابة
العامة) (محكمة ابتدائية)"
216.1,-   سجل  الواردات  والصادرات  بالمحاكم الابتدائية
216.2,-   سجل    إحصاء    ومراقبة    السجلات بالمحاكم الابتدائية
216.3,-   سجل الاجتماعات بالمحاكم الابتدائية
216.4,-   سجل الجمعية العامة للمحكمة بالمحاكم الابتدائية
216.5,-   سجل  محاضر  تأدية  اليمين  بالمحاكم الابتدائية
216.6,-   كناش   تداول   الملفات   والوثائق   بين مختلف المصالح بالمحاكم الابتدائية
216.7,-   كناش    العطل    والرخص    بالمحاكم الابتدائية
216.8,-   السجلات المحدثة بالمحاكم الابتدائية
221.1,-   ملف   المساعدة   القضائية   بالمحاكم الابتدائية
221.2,-   ملف التنفيذ الزجري
222.1,-   ملف قضية مدنية
222.2,-   ملف التحفيظ بالمحاكم الابتدائية
222.3,-   ملف الأمر بالأداء بالمحاكم الابتدائية
222.4,-   ملف النيابة القانونية بالمحاكم الابتدائية
222.5,-   ملف  الأمر  بتحديد  الواجبات  المترتبة عن الطلاق
222.6,-   ملف (إعذار – إنذار – معاينة ...)
222.7,-   ملف حجز لدى الغير بالمحاكم الابتدائية
222.8,-   ملف حجز عقاري بالمحاكم الابتدائية
222.9,-   ملف الإفلاسات والتصفيات والتسييرات القضائية
222.1,-   ملف الزواج
222.1,-   ملف طلب إذن الزواج دون سن الأهلية
222.1,-   ملف الطلاق
222.1,"-   ملف   أحوال   شخصية   (قسم   قضاء
الأسرة)"
222.1,-   ملف النفقة
222.2,-   ملف كفالة طفل مهمل
222.2,-   ملف كفالة طفل غير مهمل
222.2,-   ملف النيابة الشرعية بالمحاكم الابتدائية
222.2,"-   ملف     مدني     (قضاء     الجماعات
والمقاطعات)"
223.1,-   ملف الأحداث
223.2,-   ملف الجنح
223.3,-   ملف التلبس
223.4,-   ملف استئناف جنحي
223.5,-   نظير   ملف   النيابة   العامة   بالمحاكم الابتدائية
223.6,-   ملف ملتمس بالعفو
223.7,-   الشكايات    والمحاضر    في    المجال الجنائي
224.1,-   ملف التحقيق بالمحاكم الابتدائية
230.1,-   أصول الأحكام بالمحاكم الابتدائية
310.1,-   مقتطع   مختلفة   بمحاكم   الاستئناف التجارية
310.2,-   مقتطع   ائتمانات   بمحاكم   الاستئناف التجارية
310.3,-   مقتطع   تسييرات   قضائية   بمحاكم الاستئناف التجارية
310.4,"-   مقتطع   الاستخلاصات   المنجزة   من
طرف أعوان التنفيذ بمحاكم الاستئناف التجارية"
310.5,-   سجل  الحسابات  الخصوصية  بمحاكم الاستئناف التجارية
310.6,-   السجل اليومي الجامع للمداخيل بمحاكم الاستئناف التجارية
310.7,"-   السجل   اليومي   للمصاريف   بمحاكم
الاستئناف التجارية"
310.8,"-   دفتر وضعية الصندوق اليومية بمحاكم
الاستئناف التجارية"
310.9,-   سجل ضبط العمليات اليومية للحساب البريدي بمحاكم الاستئناف التجارية
310.1,"-   بيان  دفع  الرسوم  القضائية  بمحاكم
الاستئناف التجارية"
310.1,بيان   دفع   حقوق   المرافعة   بمحاكم الاستئناف التجارية
310.1,دفتر    أوراق    المصاريف    بمحاكم الاستئناف التجارية
310.1,بيان  شخصي  لتصفية  صوائر  التنقل بمحاكم الاستئناف التجارية
310.1,بيان استخلاص صوائر التنقل بمحاكم الاستئناف التجارية
310.2,"مقتطع  الغرامات  بمحاكم  الاستئناف
التجارية"
310.2,سجل تحصيل الرسوم القضائية بمحاكم الاستئناف التجارية
310.2,سجل    تصفية    صوائر    المساعدة القضائية بمحاكم الاستئناف التجارية
310.2,سجل تسجيل وإرسال الأوامر التنفيذية بمحاكم الاستئناف التجارية
310.2,"سجل الأوامر المبنية على طلب
بمحاكم الاستئناف التجارية"
310.2,"سجل الأوامر بالأداء بمحاكم
الاستئناف التجارية"
310.2,سجل القضايا الاستعجالية بمحاكم الاستئناف التجارية
310.2,بمحاكم
310.2,سجل تقييد القضايا التجارية
310.2,سجل تقييد القضايا التجارية المستأنفة
310.3,بمحاكم
310.3,سجل تسيير الأموال بمحاكم الاستئناف التجارية (الحراسة القضائية)
310.3,"سجل   التسوية   والتصفية   القضائية
بمحاكم الاستئناف التجارية"
310.3,"سجل التسوية الودية والوقاية الخارجية
بمحاكم الاستئناف التجارية"
310.3,سجل  أوامر  القاضي  المنتدب  بمحاكم الاستئناف التجارية
310.3,"سجل    الطلبات    المعروضة    على
القاضي  المنتدب  بمحاكم  الاستئناف التجارية"
310.3,"سجل  قضايا  غرفة  المشورة  بمحاكم
الاستئناف التجارية"
310.3,سجل   تقييد   الإفلاسات   والتصفيات بمحاكم الاستئناف التجارية
310.3,سجل    اجتماع    الدائنين    بمحاكم الاستئناف التجارية
310.3,سجل القضايا الرائجة بمكتب القاضي بمحاكم الاستئناف التجارية
310.4,"سجل مراقبة الأحكام التمهيدية بمحاكم
الاستئناف التجارية"
310.4,سجل   الجلسات   بمحاكم   الاستئناف التجارية
310.4,سجل    التعرض    والنقض    بمحاكم الاستئناف التجارية
310.4,سجل  توجيه  الملفات  المطلوب  فيها النقض بمحاكم الاستئناف التجارية
310.4,سجل طلبات نسخ الأحكام والقرارات بمحاكم الاستئناف التجارية
310.4,"سجل   التبليغات   القضائية   بمحاكم
الاستئناف التجارية"
310.4,سجل   تقييد   ملفات   التنفيذ   بمحاكم الاستئناف التجارية
310.4,"سجل    الحجز    العقاري    بمحاكم
الاستئناف التجارية"
310.4,"سجل  إجراءات  الحجز  لدى  الغير
بمحاكم الاستئناف التجارية"
310.4,سجل التوزيع الودي بمحاكم الاستئناف التجارية
310.5,بمحاكم
310.5,سجل    إجراءات    التنفيذ    بمحاكم الاستئناف  التجارية  (خاص  بمأمور الإجراءات)
310.5,"سجل   محاضر   البيوعات   القضائية
للمنقولات بمحاكم الاستئناف التجارية"
310.5,سجل  الاحتجاج  بعدم  الدفع  بمحاكم الاستئناف التجارية
310.5,سجل تبليغ الوثائق بمحاكم الاستئناف التجارية
310.5,بمحاكم
310.5,"سجل  الحجوز  التحفظية  بمحاكم  الاستئناف
التجارية"
310.5,"-   سجل استرجاع المحلات المغلقة بمحاكم
الاستئناف التجارية"
310.5,-   سجل غرامات السجل التجاري
310.5,"-   سجل تدخل النيابة العامة في قضايا
الموضوع      بمحاكم     الاستئناف التجارية"
310.6,"-   سجل تدخل النيابة العامة في القضايا
الاستعجالية بمحاكم الاستئناف التجارية"
310.6,"-   سجل تدخل النيابة العامة في قضايا
صعوبات المقاولة بمحاكم الاستئناف التجارية"
310.6,"-   سجل طلبات المساعدة القضائية
بمحاكم الاستئناف التجارية"
310.6,-   سجل إيداع القرارات التحكيمية بمحاكم الاستئناف التجارية
310.6,-   كناش   التداول   بمحاكم   الاستئناف التجارية
310.6,"-   سجل   الاحصاء   بمحاكم   الاستئناف
التجارية"
310.6,-   سجل الاجتماعات بمحاكم الاستئناف التجارية
310.6,"-   سجل الجمعية العامة للمحكمة بمحاكم
الاستئناف التجارية"
310.6,-   سجل  محاضر  تأدية  اليمين  بمحاكم الاستئناف التجارية
310.6,-   سجل    الصادر    والوارد    بمحاكم الاستئناف التجارية
310.7,-   السجلات المحدثة بمحاكم الاستئناف التجارية
320.1,-   ملف قضية تجارية
320.2,"-   ملف الأمر  بالأداء  بمحاكم  الاستئناف
التجارية"
320.3,-   ملف    قضية    استعجالية    بمحاكم الاستئناف التجارية
320.4,"-   ملف    قضية    استعجالية    بمحاكم
الاستئناف التجارية (مقالات مختلفة)"
320.5,"-   ملف  قضية  تجارية  استئنافية  بمحاكم
الاستئناف التجارية"
320.6,-   ملف حجز عقاري بمحاكم الاستئناف التجارية
320.7,"-   ملف    حجز    لدى   الغير    بمحاكم
الاستئناف التجارية"
320.8,"-   ملف       المعاينات       والإعذارات
والانذارات بمحاكم الاستئناف التجارية"
320.9,"-   ملف  تسوية  ودية  بمحاكم  الاستئناف
التجارية"
320.1,"-   ملف تصفية قضائية بمحاكم الاستئناف
التجارية"
320.1,-   ملف تسوية قضائية بمحاكم الاستئناف التجارية
320.1,"-   ملف تصفية شركة بمحاكم الاستئناف
التجارية"
320.1,"-   ملف  تسيير  أموال  بمحاكم  الاستئناف
التجارية"
330.1,"-   أصول الأحكام بمحاكم الاستئناف
التجارية"
340.1,-   المراسلات الإدارية بمحاكم الاستئناف التجارية
410.1,-   مقتطع مختلفة بالمحاكم التجارية
410.2,-   مقتطع ائتمانات بالمحاكم التجارية
410.3,"-   مقتطع   تسييرات   قضائية   بالمحاكم
التجارية"
410.4,-   مقتطع   الاستخلاصات   المنجزة   من طرف أعوان التنفيذ بالمحاكم التجارية
410.5,-   سجل الحسابات الخصوصية بالمحاكم التجارية
410.6,"-   السجل    اليومي    الجامع    للمداخيل
بالمحاكم التجارية"
410.7,"-   السجل  اليومي  للمصاريف  بالمحاكم
التجارية"
410.8,-   دفتر    وضعية    الصندوق    اليومية بالمحاكم التجارية
410.9,-   سجل ضبط العمليات اليومية للحساب البريدي بالمحاكم التجارية
410.1,"-   بيان  دفع  الرسوم  القضائية  بالمحاكم
التجارية"
410.1,"-   بيان  دفع  حقوق  المرافعة  بالمحاكم
التجارية"
410.1,دفتر   أوراق   المصاريف   بالمحاكم التجارية
410.1,بيان  شخصي  لتصفية  صوائر  التنقل بالمحاكم التجارية
410.1,بيان استخلاص صوائر التنقل بالمحاكم التجارية
410.2,مقتطع الغرامات بالمحاكم التجارية
410.2,"سجل    تحصيل    الرسوم    القضائية
بالمحاكم التجارية"
410.2,سجل    تصفية    صوائر    المساعدة القضائية بالمحاكم التجارية
410.2,سجل تسجيل وإرسال الأوامر التنفيذية بالمحاكم التجارية
410.2,سجل الأوامر المبنية على طلب بالمحاكم التجارية
410.2,سجل الأوامر بالأداء بالمحاكم التجارية
410.2,سجل القضايا الاستعجالية بالمحاكم التجارية
410.2,سجل  التصرفات  المختلفة  بالمحاكم التجارية
410.2,سجل تقييد القضايا التجارية
410.2,سجل تقييد القضايا التجارية المستأنفة
410.3,سجل تصفية الشركة بالمحاكم التجارية
410.3,سجل  تسيير  أموال بالمحاكم التجارية (الحراسة القضائية)
410.3,سجل   التسوية   والتصفية   القضائية بالمحاكم التجارية
410.3,سجل التسوية الودية والوقاية الخارجية بالمحاكم التجارية
410.3,سجل أوامر القاضي المنتدب بالمحاكم التجارية
410.3,سجل    الطلبات    المعروضة    على القاضي المنتدب بالمحاكم التجارية
410.3,سجل قضايا غرفة المشورة بالمحاكم التجارية
410.3,سجل   تقييد   الإفلاسات   والتصفيات بالمحاكم التجارية
410.3,"سجل    اجتماع    الدائنين    بالمحاكم
التجارية"
410.3,"سجل القضايا الرائجة بمكتب القاضي
بالمحاكم التجارية"
410.4,سجل    مراقبة    الأحكام    التمهيدية بالمحاكم التجارية
410.4,سجل الجلسات بالمحاكم التجارية
410.4,سجل  التعرض  والاستئناف  والنقض بالمحاكم التجارية
410.4,سجل  توجيه  الملفات  المطلوب  فيها النقض بالمحاكم التجارية
410.4,"سجل طلبات نسخ الأحكام والقرارات
بالمحاكم التجارية"
410.4,بالمحاكم
410.4,سجل  تقييد  ملفات  التنفيذ  بالمحاكم التجارية
410.4,بالمحاكم
410.4,"سجل  إجراءات  الحجز  لدى  الغير
بالمحاكم التجارية"
410.4,سجل التوزيع الودي بالمحاكم التجارية
410.5,بالمحاكم
410.5,سجل    إجراءات    التنفيذ    بالمحاكم التجارية (خاص بمأمور الإجراءات)
410.5,"سجل   محاضر   البيوعات   القضائية
للمنقولات بالمحاكم التجارية"
410.5,"سجل  الاحتجاج  بعدم  الدفع  بالمحاكم
التجارية"
410.5,سجل تبليغ الوثائق بالمحاكم التجارية
410.5,بالمحاكم
410.5,بالمحاكم
410.5,سجل استرجاع المحلات المغلقة بالمحاكم التجارية
410.5,سجل غرامات السجل التجاري
410.5,السجل التجاري (الأشخاص الذاتيون)
410.6,"السجل التحليلي (الأشخاص
الاعتباريون)"
410.6,"سجل  إيداع  عقود  الشركات  بالمحاكم
التجارية"
410.6,"-   سجل الشركات بدون وارث بالمحاكم
التجارية"
410.6,"-   سجل  رهون  أدوات  ومعدات  التجهيز
بالمحاكم التجارية"
410.6,-   سجل    عقود    الائتمان    الإيجاري بالمحاكم التجارية
410.6,-   سجل بيوعات الأصل التجاري
410.6,-   سجل رهون الأصل التجاري
410.6,-   سجل تدخل النيابة العامة في قضايا الموضوع بالمحاكم التجارية
410.6,-   سجل تدخل النيابة العامة في القضايا الاستعجالية بالمحاكم التجارية
410.6,-   سجل تدخل النيابة العامة في قضايا صعوبات المقاولة بالمحاكم التجارية
410.7,"-   سجل طلبات المساعدة القضائية
بالمحاكم التجارية"
410.7,-   سجل    إيداع    القرارات    التحكيمية بالمحاكم التجارية
410.7,-   كناش التداول بالمحاكم التجارية
410.7,-   سجل الإحصاء بالمحاكم التجارية
410.7,-   سجل الاجتماعات بالمحاكم التجارية
410.7,-   سجل الجمعية العامة للمحكمة بالمحاكم التجارية
410.7,"-   سجل  محاضر  تأدية  اليمين  بالمحاكم
التجارية"
410.7,"-   سجل    الصادر    والوارد    بالمحاكم
التجارية"
410.7,-   السجلات المحدثة بالمحاكم التجارية
420.1,-   ملف قضية تجارية
420.2,-   ملف الأمر بالأداء بالمحاكم التجارية
420.3,-   ملف    قضية    استعجالية    بالمحاكم التجارية
420.4,-   ملف    قضية    استعجالية    بالمحاكم التجارية (استئنافية)
420.5,-   ملف    قضية    استعجالية    بالمحاكم التجارية (مقالات مختلفة)
420.6,"-   ملف قضية تجارية استئنافية بالمحاكم
التجارية"
420.7,-   ملف حجز عقاري بالمحاكم التجارية
420.8,-   ملف   حجز   لدى   الغير   بالمحاكم التجارية
420.9,-   ملف       المعاينات       والإعذارات والانذارات بالمحاكم التجارية
420.1,-   ملف تسوية ودية بالمحاكم التجارية
420.1,-   ملف تصفية قضائية بالمحاكم التجارية
420.1,-   ملف تسوية قضائية بالمحاكم التجارية
420.1,-   ملف تصفية شركة بالمحاكم التجارية
420.1,-   ملف تسيير أموال بالمحاكم التجارية
430.1,-   أصول الأحكام بالمحاكم التجارية
440.1,المراسلات الإدارية بالمحاكم التجارية
510.1,-   السجل العام لتقييد القضايا الإدارية
510.2,-   السجل   العام   لتقييد   القضايا   الإدارية المستأنفة
510.3,-   سجل  القضايا  الرائجة  بمكتب  المستشار المقرر بمحاكم الاستئناف الإدارية
510.4,-   سجل الأوامر المبنية على طلب بمحاكم الاستئناف الإدارية
510.5,-   سجل    القضايا    الاستعجالية    بمحاكم الاستئناف الإدارية
510.6,-   سجل   قضايا   غرفة   المشورة   بمحاكم الاستئناف الإدارية
510.7,"-   سجل  مراقبة  الأحكام  التمهيدية  وإيداع
تقارير    الخبراء    بمحاكم    الاستئناف الإدارية"
510.8,-    سجل    الجلسات    بمحاكم    الاستئناف الإدارية
510.9,-   سجل    التبليغات    القضائية    بمحاكم الاستئناف الإدارية
510.1,-   سجل  التبليغ  التلقائي  بمحاكم  الاستئناف الإدارية
510.1,-   سجل     الإنابات     القضائية     بمحاكم الاستئناف الإدارية
510.1,-   سجل  عام  لتقييد  ملفات  التنفيذ  بمحاكم الاستئناف الإدارية
510.1,-   سجل الحجز لدى الغير بمحاكم الاستئناف الإدارية
510.1,-   سجل    المساعدة    القضائية    بمحاكم الاستئناف الإدارية
510.2,-   سجل  طلبات  نسخ  الأحكام  والقرارات بمحاكم الاستئناف الإدارية
510.2,-   سجل   توجيه   الملفات   المطلوب   فيها النقض بمحاكم الاستئناف الإدارية
510.2,-   سجل  تداول  الوثائق  والملفات  بمحاكم الاستئناف الإدارية
510.2,-   سجل الوارد والصادر بمحاكم الاستئناف الإدارية
510.2,-   سجل   أداء   اليمين   بمحاكم   الاستئناف الإدارية
510.2,-   السجلات   المحدثة   بمحاكم   الاستئناف الإدارية
520.1,-   ملف قضية إدارية بمحاكم الاستئناف الإدارية
520.2,-   ملف المساعدة القضائية بمحاكم الاستئناف الإدارية
520.3,-   ملف التبليغ بمحاكم الاستئناف الإدارية
520.4,-   ملف التنفيذ بمحاكم الاستئناف الإدارية
530.1,-   أصول الأحكام بمحاكم الاستئناف الإدارية
540.1,-   المراسلات الإدارية بمحاكم الاستئناف الإدارية
550.1,-   اللوائح الانتخابية بمحاكم الاستئناف الإدارية
550.2,   محاضر العمليات الانتخابية بمحاكم الاستئناف الإدارية
610.1,-   السجل العام لتقييد القضايا الإدارية
610.2,-   السجل   العام   لتقييد   القضايا   الإدارية المستأنفة
610.3,-   سجل  القضايا  الرائجة  بمكتب  القاضي المقرر بالمحاكم الإدارية
610.4,-   سجل الأوامر المبنية على طلب بالمحاكم الإدارية
610.5,-   سجل   القضايا   الاستعجالية   بالمحاكم الإدارية
610.6,-   سجل  قضايا  غرفة  المشورة  بالمحاكم الإدارية
610.7,-   سجل  مراقبة  الأحكام  التمهيدية  وإيداع تقارير الخبراء بالمحاكم الإدارية
610.8,-   - سجل الجلسات بالمحاكم الإدارية
610.9,-   سجل    التبليغات    القضائية    بالمحاكم الإدارية
610.1,-   سجل التبليغ التلقائي بالمحاكم الإدارية
610.1,-   سجل الإنابات القضائية بالمحاكم الإدارية
610.1,-   سجل  عام  لتقييد  ملفات  التنفيذ  بالمحاكم الإدارية
610.1,-   سجل الحجز لدى الغير بالمحاكم الإدارية
610.1,-   سجل    المساعدة    القضائية    بالمحاكم الإدارية
610.2,-   سجل  طلبات  نسخ  الأحكام  والقرارات بالمحاكم الإدارية
610.2,-   سجل   توجيه   الملفات   المطلوب   فيها الاستئناف بالمحاكم الإدارية
610.2,-   سجل   توجيه   الملفات   المطلوب   فيها النقض بالمحاكم الإدارية
610.2,-   سجل  تداول  الوثائق  والملفات  بالمحاكم الإدارية
610.2,-   سجل الوارد والصادر بالمحاكم الإدارية
610.2,-   سجل أداء اليمين بالمحاكم الإدارية
610.2,-   السجلات المحدثة بالمحاكم الإدارية
620.1,-   ملف قضية إدارية بالمحاكم الإدارية
620.2,-   ملف المساعدة القضائية بالمحاكم الإدارية
620.3,-   ملف التبليغ بالمحاكم الإدارية
620.4,-   ملف التنفيذ بالمحاكم الإدارية
630.1,-   أصول الأحكام بالمحاكم الإدارية
640.1,-   المراسلات الإدارية بالمحاكم الإدارية
650.1,-   اللوائح الانتخابية بالمحاكم الإدارية
650.2,   محاضر العمليات الانتخابية بالمحاكم  الإدارية
