0,آسفـي,محكمة الاستئناف بآسفي
0,آسفـي,المحكمة الإبتدائية بآسفـي
0,آسفـي,المحكمة الإبتدائية بالصويـرة 
0,آسفـي,المحكمة الإبتدائية باليوسفيـة  
0,آسفـي,المديرية الإقليمية آسفي
0,الجديـدة,محكمة الإستئناف بالجديدة
0,الجديـدة,المحكمة الإبتدائية بالجديدة
0,الجديـدة,المحكمة الإبتدائية بسيدي بنـور
0,الجديـدة,المديرية الإقليمية بالجديدة
0,الدار البيضاء,محكمة الإستئناف بالدار البيضاء
0,الدار البيضاء,المحكمة الابتدائية الزجرية
0,الدار البيضاء,المحكمة الابتدائية  المدنية
0,الدار البيضاء,المحكمة الابتدائية  الاجتماعية
0,الدار البيضاء, المحكمة الابتدائية  الإبتدائية بالمحمديــة 
0,الدار البيضاء,المحكمة الابتدائية  ببن سليمان
0,الدار البيضاء, محكمة الاستئناف التجارية بالدار البيضاء
0,الدار البيضاء,المحكمة التجارية بالدار البيضاء
0,الدار البيضاء,المحكمة الإبتدائية الإدارية بالدار البيضاء
0,الدار البيضاء,المديرية الإقليمية بالدار البيضاء
0,سطــات,محكمة الإستئناف بسطات
0,سطــات,المحكمة الإبتدائية بسطــات 
0,سطــات,المحكمة الإبتدائية ببرشيــد 
0,سطــات,المحكمة الإبتدائية ببن احمـد
0,سطــات,المديرية الإقليمية بسطات
0,خريبكــة,محكمة الإستئناف بخريبكة
0,خريبكــة,المحكمة الإبتدائية بخريبكـة 
0,خريبكــة,المحكمة الإبتدائية بوادي زم
0,خريبكــة,المحكمة الإبتدائية بأبي الجعد 
0,خريبكــة,المديرية الإقليمية بخريبكة
0,العيون,محكمة الاستئناف بالعيـــون
0,العيون,المحكمة الإبتدائية بالعيـون 
0,العيون,المحكمة الإبتدائية ببوجـدور
0,العيون,المحكمة الإبتدائية بالسمـارة 
0,العيون,المديرية الإقليمية بالعيون
0,الداخلة,المحكمة الإبتدائية بوادي الذهب 
0,كلميم,محكمة الإستئناف بكلميم
0,كلميم,المحكمة الإبتدائية بكلميم
0,كلميم,المحكمة الابتدائية بطانطان 
0,كلميم,المحكمة الإبتدائية  بسيدي إيفنـي 
0,كلميم, المديرية الإقليمية بكلميم
0,وجــدة,محكمة الإستئناف بوجدة
0,وجــدة,المحكمة الإبتدائية بوجدة
0,وجــدة,المحكمة الإبتدائية بجرادة
0,وجــدة,المحكمة الإبتدائية ببركـان 
0,وجــدة,المحكمة الإبتدائية بتاوريـرت
0,وجــدة,المحكمة الإبتدائية بفجيج 
0,وجــدة,المديرية الإقليمية بوجدة
0,وجــدة,المحكمة الإبتدائية التجارية بوجدة
0,وجــدة,المحكمة الإبتدائية الإدارية بوجدة
0,الحسيمة, محكمة الاستئناف بالحسيمة
0,الحسيمة,ابتدائية الحسيمـة 
0,الحسيمة,ابتدائية تارجيست 
0,الحسيمة,المديرية الإقليمية بالحسيمة
0,الناظـور,محكمة الإستئناف بالناظـور
0,الناظـور,المحكمة الإبتدائية بالناظـور
0,الناظـور,المحكمة الإبتدائية بالدريـوش
0,الناظـور,المديرية الإقليمية بالناظور
0,تـازة,محكمة الإستئناف بتازة
0,تـازة,المحكمة الإبتدائية بتـازة 
0,تـازة,المحكمة الإبتدائية بجرسيف
0,تـازة,المديرية الإقليمية بتازة
0,القنيطـرة, محكمة الإستئناف بالقنيطـرة
0,القنيطـرة,المحكمة الإبتدائية بالقنيطرة
0,القنيطـرة,المحكمة الإبتدائية بسيدي سليمان 
0,القنيطـرة,المحكمة الإبتدائية بسيدي قاسم 
0,القنيطـرة,المحكمة الإبتدائية بسوق أربعاء الغرب 
0,القنيطـرة,المحكمة الإبتدائية بمشرع بلقصيري
0,القنيطـرة,المديرية الإقليمية بالقنيطرة
0,تطـوان,محكمة الإستئناف بتطوان
0,تطـوان,المحكمة الإبتدائية بتطـوان
0,تطـوان,المديرية الإقليمية بتطوان
0,تطـوان,المحكمة الإبتدائية بوزان 
0,تطـوان,المحكمة الإبتدائية بشفشاون
0,طنجة,محكمة الإستئناف بطنجة
0,طنجة,المحكمة الإبتدائية بطنجة
0,طنجة,المحكمة الإبتدائية بأصيلة
0,طنجة,المحكمة الإبتدائية بالعرائش
0,طنجة,المحكمة الإبتدائية بالقصر الكبير
0,طنجة ,محكمة الاستئناف التجارية بطنجة
0,طنجة ,المحكمة الابتدائية التجارية بطنجة
0,طنجة ,محكمة الاستئناف الإدارية بطنجة
0,طنجة ,المحكمة الابتدائية الإدارية طنجة
0,طنجة ,المديرية الإقليمية بطنجة
0,تطوان,محكمة الإستئناف بتطوان
0,تطوان,المحكمة الإبتدائية بالمضيق
0,تطوان,المحكمة الإبتدائية بشفشاون
0,تطوان,المحكمة الإبتدائية بوزان
0,تطوان,المديرية الإقليمية بتطوان
0,ورززات,محكمة الإستئناف بورزازات 
0,ورززات,المحكمة الإبتدائية بورزازات
0,ورززات,المحكمة الإبتدائية بزاكـورة 
0,ورززات,المحكمة الإبتدائية بتنغيــر 
0,ورززات,المديرية الإقليمية بورزازات
0,أكاديـر, محكمة الإستئناف بأكادير
0,أكاديـر,المحكمة الإبتدائية بأكادير
0,أكاديـر,المحكمة الابتدائية بانزكــان
0,أكاديـر,المحكمة الابتدائية بتزنيـت
0,أكاديـر,المحكمة الابتدائية  بتارودانـت
0,أكاديـر,المحكمة الابتدائية ببيوكرى 
0,أكاديـر,المحكمة الابتدائية بطاطا
0,أكاديـر,المديرية الإقليمية بأكادير
0,أكاديـر,محكمة الإستئناف التجارية بأكادير
0,أكاديـر,المحكمة الإبتدائية التجارية بأكادير
0,أكاديـر,محكمة الاستئناف الإدارية بأكادير
0,أكاديـر,المحكمة الابتدائية الإدارية بأكادير
0,أكاديـر,المحكمة الابتدائية الإدارية بالعيون
0,أكاديـر,المحكمة الابتدائية الإدارية بالداخلة
0,الرشيدية,محكمة الإستئناف بالرشيدية
0,الرشيدية,المحكمة الإبتدائية بالرشيدية 
0,الرشيدية,المحكمة الإبتدائية بأرفود
0,الرشيدية,المحكمة الإبتدائية بميدلـت 
0,الرشيدية,المحكمة الإبتدائية بالريش
0,الرشيدية,المديرية الإقليمية بالرشيدية
0,بني مـلال, محكمة الإستئناف بني مـلال 
0,بني مـلال,المحكمة الإبتدائية ببني مـلال 
0,بني مـلال,المحكمة الإبتدائية بدمنات
0,بني مـلال,المحكمة الإبتدائية بخنيفـرة
0,بني مـلال,المحكمة الإبتدائية بالفقيه بنصالح 
0,بني مـلال,المحكمة الإبتدائية بأزيــلال 
0,بني مـلال,المحكمة الإبتدائية بقصبة تادلـة
0,بني مـلال,المحكمة الإبتدائية بسوق السبت أولاد النمـة 
0,بني مـلال,المديرية الإقليمية ببني ملال
0,بني ملال,المحكمة الابتدائية التجارية ببني ملال
0,بني ملال,المحكمة الإبتدائية الإدارية ببني ملال
0,مكنـاس,محكمة الإستئناف بمكناس
0,مكنـاس,المحكمة الإبتدائية بمكنـاس 
0,مكنـاس,المحكمة الإبتدائية بالحاجب
0,مكنـاس,المحكمة الإبتدائية بأزرو 
0,مكنـاس,المديرية الإقليمية بمكناس
0,الربـاط,محكمة الإستئناف الربـاط
0,الربـاط,المحكمة الإبتدائية بســلا 
0,الربـاط,المحكمة الإبتدائية بالربـاط
0,الربـاط,المحكمة الإبتدائية بتمـارة 
0,الربـاط,المحكمة الإبتدائية بالخميسـات
0,الربـاط,المحكمة الإبتدائية بتيفلـت
0,الربـاط,المديرية الإقليمية بالرباط
0,الربـاط,المحكمة الإبتدائية بالرمانـي 
0,الربـاط,محكمة الإستئناف الإدارية بالرباط
0,الربـاط,المحكمة الإبتدائية الإدارية بالرباط
0,الربـاط,المحكمة الإبتدائية التجارية بالرباط
0,فــاس,محكمة الإستئناف بفاس
0,فــاس,المحكمة الإبتدائية بفـاس
0,فــاس,المحكمة الإبتدائية ببولمان بميســور
0,فــاس,المحكمة الإبتدائية بصفــرو
0,فــاس,المحكمة الإبتدائية بتاونــات
0,فــاس,محكمة الاستئناف التجارية بفاس
0,فــاس,المحكمة الإبتدائية التجارية بفاس
0,فــاس,محكمة الإستئناف الإدارية بفاس
0,فــاس, المحكمة الإبتدائية الإدارية  بفاس
0,فــاس,المديرية الفرعية بفاس
0,محكمة النقض,محكمة النقض
